Username,Date,Star Rating,Title,Review Comment,Review Link,User Profile Link
"Oblivion HD",11-Apr-2017,5,"","Your internet at the tip of your fingers, LIKE IT SHOULD BE.","https://play.google.com/store/apps/details?id=com.eero.android&reviewId=Z3A6QU9xcFRPRVItVEYyZmM0WWRBS3NtTDZXZmM0SGtGVHZ4cExzSmNUVjZjX0RjRk1wOWFyWHU4WFpEV1ZjcmpEbmJIVEhHT0NKMDN3TjBaMkJWaHJmeVBV",""
"Ernest Dill",28-Mar-2017,4,"","Works as described. App updates have improved speed tests.","https://play.google.com/store/apps/details?id=com.eero.android&reviewId=Z3A6QU9xcFRPRnliazBGYXVNeXRiSlpRV0hEdUZlcDRnd1hRWmUxYXIyZmQ1VGxVSlQ0R0prM0lmajZnZi1LNGp1RjFrbFF1VFlkZ2wxYjhLRmVMdGFSaTRr",""
"",22-Mar-2017,1,"","PLEASE PROVIDE A WEB BROWSER INTERFACE.  The android app wouldnt allow me to change the ip address of the router, kept giving me some subnet mask error that made no sense.","https://play.google.com/store/apps/details?id=com.eero.android&reviewId=Z3A6QU9xcFRPR2RZaDl6U210cUtmcXdyaExicHNvYjBqR0R2QUJuX0doT2EyYzhDRWNqQldEMzZzb2ZEZ05GTlZpaDRKcF85LWNsb1ZtbFV4R3Q0X3hRaFlF",""
"Cheyenne Krok",20-Mar-2017,1,"","It said couldn't connect to my network","https://play.google.com/store/apps/details?id=com.eero.android&reviewId=Z3A6QU9xcFRPRm5WQ2lZMlp5S25HZ0djODNaaWhlM2VfRnpFcGcwNk1oWHpob3lweFVvUEJaWFlUWWRjSHVXNU5sbjJobWtuMjdJa1IzYkdvaTE0R1Jxa1Vr",""
"Simon Dawes",17-Mar-2017,1,"","Got given 3 eeros Spent,  a day trying to set this up, gave up and chucked the lot in the bin in frustration.","https://play.google.com/store/apps/details?id=com.eero.android&reviewId=Z3A6QU9xcFRPR3RsOXdabmQ5RWVFVy16WEZYUDhWSnB0ejNmaDJ5ZlY0dG1pdXhqeG9IS2pnVGNaZVR5cWwzckdScV9mVnlVMU1uYlBkSi1WWkNReGRUSnI0",""
"Rob Griffin",07-Mar-2017,5,"","Simple to use and the product works as advertised.","https://play.google.com/store/apps/details?id=com.eero.android&reviewId=Z3A6QU9xcFRPSGFEcjhDcTgtWkdLNm82Q25RbFk0UEd0Rml4SW9TNUtCN25ZbkVVWDA4OTJNbTBNX042bzNwd3ZzRFd3NFJFd3hlSjVNLUhTbU1HUFRVOTFB",""
"Khaled Youns",04-Mar-2017,5,"","Best wifi extender you could ever buy.","https://play.google.com/store/apps/details?id=com.eero.android&reviewId=Z3A6QU9xcFRPR1hNNkJfRFZKcENhNWdvNGFoTk5JMk41M0Q0ZEVaNnU1d2dSYzRMVHU1RUJwaVRBb1NZcTNKbFYySGFUYkJVZ3ZvZ2lkdHRFRnhXWEQtXzZz",""
"Wayne Kovar",01-Mar-2017,5,"","I don't know what the people do that it dosent work for. You read the screen and you do what it says. Mine works great and the installation could not have been easier. Greatest wi fi I have ever had.","https://play.google.com/store/apps/details?id=com.eero.android&reviewId=Z3A6QU9xcFRPRnZaNHdxS0dnNW1RU0ptREhxS0x2YjVsQlFBbW9tNnFFR0I1UjQ5QU93RWJIVlVaRVVpVE1oTTdXX3hQa1g4VTBwZWc0RjZzakYxVzc1VG80",""
"Andreas Schulmeyer",20-Feb-2017,3,"","Tedious installation and doesn't work well with Android devices","https://play.google.com/store/apps/details?id=com.eero.android&reviewId=Z3A6QU9xcFRPSEp3NjRSeVRmVjV0V19SRHk1ek5mb1hfVjlRbl9hSVFkVVp0RE1IclBoUUFqTDlRRU4yUi1qZmF6VlkzSm1KYjdVTXA0UWFfaUU3dTlhMXpJ",""
"Orion Saft",14-Feb-2017,5,"","Latest update is wonderful..... Best purchase I have ever made. Eero just continues to get better and better. Keep up the great work.","https://play.google.com/store/apps/details?id=com.eero.android&reviewId=Z3A6QU9xcFRPR2lBT29kUnpnUmVJUmhaM0NSaGYwb1VILWpFQmlFSXEzaGFEc2RkOTdDbmVxZFVqUWhvRV9rTms1bC1RYzRyc3FERzBkRGNvN21VTjhDYjBB",""
"Matt Paonessa",11-Feb-2017,5,"","How networking should be.","https://play.google.com/store/apps/details?id=com.eero.android&reviewId=Z3A6QU9xcFRPR3g5M3BkbVlmNm9ka0VlMkY3NFBGbmNZZk9JOHRjY0l0VUkwS0E1MThEaTVLbkctdXZNQkk3X2RZZ2gyMlZZNTVZOHA2MkRLRE1EcHktRTdz",""
"Arturo Torres Barrera",02-Feb-2017,3,"","Idk yet but it looks good with all your thoughts","https://play.google.com/store/apps/details?id=com.eero.android&reviewId=Z3A6QU9xcFRPRTlaUXRKeXZ2QndBcHUyZ1NPRG1NOVB5NlJLNGtrUUx5VHBIS3lzZzFTRHRpaWhXRkpFNVFlcGxONG9xUjBYdER0MGVFTXVGcUtibGVmOVFn",""
"Monty Cunningham",31-Jan-2017,5,"","Super power throughout the home.","https://play.google.com/store/apps/details?id=com.eero.android&reviewId=Z3A6QU9xcFRPSGt6T1p5LTVnNld5ODBXazlSSUMtMWhlNnpubWdCMjJQUFJuaFI2bGp3c04zYzZOY1FNczFDelZRZWg2eXRKRzZmdUdRVGdBell4LXRFaXVj",""
"",27-Jan-2017,5,"","Best purchase ever","https://play.google.com/store/apps/details?id=com.eero.android&reviewId=Z3A6QU9xcFRPRUhDQjRYWXJON2ltMkQ4eXJ0TGwxYzByMnlST2hVWWg1MW1JeUNaVkoxZ1V6eHdqMDNuQVVPalJKM0NyWW9Da2JUZnhEdlRjU0xjLWJ1ZERr",""
"James Grasso",27-Jan-2017,5,"","Great App!!","https://play.google.com/store/apps/details?id=com.eero.android&reviewId=Z3A6QU9xcFRPRjVkUlR4SmcxVFUtM1R0Rmpjcmk5RHdfWkxCNnIzTkRackQxQkRPR28xOUpNbVFzN01KdjdPTmN4N09OQ1lzWFBkU182UXZfR0dubGdyRUxR",""
"Lisa Rule",26-Jan-2017,5,"","Eero has simplified my life,  so easy to manage everything with one app.","https://play.google.com/store/apps/details?id=com.eero.android&reviewId=Z3A6QU9xcFRPR0tYSWNJRmFBVXJEeU5kOENrWFp1OF80bWY1UkJjbFN1MWV5U3h6UFBJSk41Nnlwb2Vkc2pEU1JtM3FOUVRjNDBJS0dnZno4S0JKbE13c2pv",""
"Dave Capkovitz",26-Jan-2017,5,"","Very good app","https://play.google.com/store/apps/details?id=com.eero.android&reviewId=Z3A6QU9xcFRPSEhVNGNaZHpQNTU5Y1RUWjNick1pQTZGNk5GRzMtamFaYmZNWEhUTlp2UHNNaFNJQkVtZVJRLXZSZjJqeHl1VzQwc0ljbENqOW1jQ2FWUnl3",""
"Nate Adams",26-Jan-2017,5,"","The app is slick, setup is easy, and these things just work. Awesome.","https://play.google.com/store/apps/details?id=com.eero.android&reviewId=Z3A6QU9xcFRPSDNRNjR6dnNabm5vQ3dLV2tMM2NudFR1b2RpV05iU0NYYlBnSE9jLTRPcUNCcm51NFA5TmdLMGNmejdWR1JjWEFZdnQxV3FuOFVILVdDZ1Q0",""
"Murat A",25-Jan-2017,4,"","I don't like the new look. I think it was more elegant before.","https://play.google.com/store/apps/details?id=com.eero.android&reviewId=Z3A6QU9xcFRPR0lTc3dKSHhlbmFFdF8ydzNGbThUVTBaUUpVQjNMX3RTSVVjQVFFTFp2V0ZDNl9sUjI0NzhtVnNucGJXdkY4TkdxZElYaTc4a2VNdXdGNWY0",""
"John Kandis",25-Jan-2017,4,"","Great simple app for managing the network.  After last update you can run speed test anymore.","https://play.google.com/store/apps/details?id=com.eero.android&reviewId=Z3A6QU9xcFRPRU5HYVlMdjlXSUZsamE2UzF4V1RRV0hDcWlFeTU2QWxVemhIdWFXN1A4TnJXYWFwdWNMNmJXRkhxWVlxRGxVRkViOVE5MktieXhGei1NMUhr",""
"Snape Yu",25-Jan-2017,4,"","Some devices are not showed as connected since recent updates.","https://play.google.com/store/apps/details?id=com.eero.android&reviewId=Z3A6QU9xcFRPR1VCWVZWSWE5N0ZnZ0ZFQmhzSzBBT1VTenRPOElWdUhPdUxqSV91aWxRNWIzZFJydERFTVFsUHViQjNJVnR0d1dFM1hOUXVud3d3Y3ZDTDlF",""
"Brian Green",24-Jan-2017,5,"","Great app, and you don't have to dig down too deep for more specific config options. Dashboard gives a great simple overview of network and devices.","https://play.google.com/store/apps/details?id=com.eero.android&reviewId=Z3A6QU9xcFRPRlM3WHB4eHN0OXloN19NeU9la3F5Uk1OcFFKeGw1emNlbEM1eFFUaU5rbVZ3X3g0MWFTbFJBYU9vWUN1WEFTZG5OMnlpa0RVNlF6SDFzS1k4",""
"Steve G",24-Jan-2017,5,"","Gets better and better. I love the new dashboard","https://play.google.com/store/apps/details?id=com.eero.android&reviewId=Z3A6QU9xcFRPRlUyb2RHbXRUMWZ4cVhla19YdmNmQ3lnUVZpMFh2TnRJbEtIQld3UDN3QmNKdmlIZi1wZ1ZWVndodldJa05aVV8xQ01oSG1jYmpVWUN1QnFF",""
"Oziel Hernandez Salgado",14-Jan-2017,5,"Amazing product!!","Amazing product!! This is by far the best wifi AP I have used. the product setup is great and the app is clean and easy to use.","https://play.google.com/store/apps/details?id=com.eero.android&reviewId=Z3A6QU9xcFRPRml5amlwbzFNLXZINDV3M1dNY01CaVZPbG4yMTF5QVNGVFNfRWkxQmxUNWpxcXBmUzFZOVVlQ05zOTY1V1phTjlEMzhEc0k5cFBWZmt6YzRR",""
"mohamed abdirahman",28-Dec-2016,5,"Sales","Sales it is good product","https://play.google.com/store/apps/details?id=com.eero.android&reviewId=Z3A6QU9xcFRPR2xUejlVM3JoaTUtTEZvREt2QXRNS29OUHB3aGhBTFRaTlZzM2Y0MjhEUWNEZjA5b1ktQ2FYaXB5TUVaZjh0emhwb3UyT1FIYzl3RVhaUzJz",""
"Tim Helzlsouer",22-Dec-2016,5,"Where has this technology been!","Where has this technology been! Amazing! I previously had a fairly powerful wireless router with three additional extenders throughout the house and had constant issues with poor connection and dead spots. All gone! A nice feature would be to automatically run the ISP speed test on some schedule and to also keep some amount of history of the results.","https://play.google.com/store/apps/details?id=com.eero.android&reviewId=Z3A6QU9xcFRPR1RXUDZjelNmelNZMU4xUFB0YUxPaENTckVaRjdWXzQ3VDJpbmIyaVpSb05JY0xoUTg5bmF1ZHFTdGozY3JsMm5JZ3BuSzh1SDBtRUR3TUEw",""
"Juana Andrade",22-Dec-2016,5,"Simply Works","Simply Works The app is smooth, simple and everything I need. It allows me to manage my network from whereber I am. Works perfectly with all of my devices and I never have to worry about it. The system itself solved my townhouse pain points.","https://play.google.com/store/apps/details?id=com.eero.android&reviewId=Z3A6QU9xcFRPR2c4T1k1ZTcyX1U2ems1eDQzRjdqUDl5TVlHaVBnZFZQVmltUmdnY0JGSGNTb2VkZmlfUFpwQ3ZhZ21RMjdZaW9GekNNVGFYZXRyOFg0Q3Vv",""
"",21-Dec-2016,5,"Gets better and better","Gets better and better Love the new feature to see what eero a device is connected to. Also love the auto updates on the firmware. Keep up the great work. A Mesh Network is the best answer for most larger or complex layouts","https://play.google.com/store/apps/details?id=com.eero.android&reviewId=Z3A6QU9xcFRPSFJOUFlRSDVkalI0M3BnUlVwNGJCMWJoZ2NYckxOVnQ1QTB1Mi1BNUJiZDFUMmNPQkRnUnFkS281Yk5LYy1RTWRHZTJ3Q1paTnAtQmVLTXdV",""
"Henry Stern",20-Dec-2016,5,"Saved us from our Wifi","Saved us from our Wifi So easy, so fast. The updates keep coming, and I love that eero can be set-and-forget or really customizable. Thanks for the update that allows seeing which eero devices are connected to, and two related feature requests: the ability to manually switch which eero a device connects to, and the ability to see how much data & bandwidth a device has been using (good for capped wifi plans!). Keep up the great work eero, love it.","https://play.google.com/store/apps/details?id=com.eero.android&reviewId=Z3A6QU9xcFRPRW1GZ0xFVEEweDRQSHlKRS16VzV6TlZHaVEzam9HNHpfSkM4ZkUxT1N5TU13cVpOZUFlQk05V0Y0MENRbG5GMnM2TmF1MGZ2cDhkc2NWU0dZ",""
"Patrick Miller",20-Dec-2016,5,"Spectacular!","Spectacular! Really enjoying the coverage provided by the mesh technology.","https://play.google.com/store/apps/details?id=com.eero.android&reviewId=Z3A6QU9xcFRPRmFtMXc0eXpRc3FDcFJiUHlwV1BXalAtRlBnMUUzQzNnWE1wNk9BSHdGUDR3SzRhc1dCYktfSG56X2V4M1o4dnNMRUxwNEFhclEzYk1kNzhn",""
"Jon Rawlinson",20-Dec-2016,4,"Decent","Decent Speeds aren't quite as good as I hoped, but it works well","https://play.google.com/store/apps/details?id=com.eero.android&reviewId=Z3A6QU9xcFRPSHc4eG8xVEtqRkZBV0dxNUstRkc1NXBNV1F6cVlBbDMyelIxRE9GZ1ctOUtEaU5xTG1qcTllc21hMGN5cDlCbWFQZy1PQm1JOGE3cUJIUXV3",""
"STEVE S",20-Dec-2016,3,"Almost There","Almost There Please Let Us Hide Our Networks (Add Turn Off SSID Broadcast Option) I only want my guest network available. I know hidden networks are not more secure.","https://play.google.com/store/apps/details?id=com.eero.android&reviewId=Z3A6QU9xcFRPR3pxeUo4ejRPdnR0aHJfTmcySGZlU0k4R3ZYYVdzSGRvRVhJV2J6OXphY05sVjJrV3ZDaWhXOTFxWk5HdElGRzRBc1hDQ1lyZ01xZngxOTR3",""
"Roberto Ignacio",19-Dec-2016,5,"Best network investment","Best network investment The system is so convenient to use.","https://play.google.com/store/apps/details?id=com.eero.android&reviewId=Z3A6QU9xcFRPSEszeTVraUFzOURFWE93Zk5senVQMVdnN0laZkQxSFhMaVZ6YlA3RXhGLWFRUkcxVUZqeDBIemRuNzBqNnAzc3ZQZW1Vd0hsaXdMOFZQS3o0",""
"Jeremy Lucier",19-Dec-2016,5,"Great work guys!","Great work guys! Love the constant improvements and the product","https://play.google.com/store/apps/details?id=com.eero.android&reviewId=Z3A6QU9xcFRPRTFWVUtlM3E4SUZqbVp6VGhlX2NJZ1lGRWlfMUJUR2tuSC1SMkFnNGZwYnNVdF9aZ1I4MC1vb3VnUDlLV0dKSk40eUI4QTdYT3JsdXRYbjNz",""
"Gopi Eriki",18-Dec-2016,5,"Looks cool","Looks cool APP is very functional and easy. Good to see how much each device is consumed.  After using 3 months . I recently  WIRED  my ROKU and found eero connection is better than wired.","https://play.google.com/store/apps/details?id=com.eero.android&reviewId=Z3A6QU9xcFRPSHB0VmlybTV1SzhDNTNnY2JPR0F3Z1NvaUJLNFBtZjdUalI0d1d6NFdIV3RCdDV5UnVfaU1EcHEyeUVuNU5Xblg0eGtvUExTMlJ3aGg0Zzdv",""
"",13-Dec-2016,3,"Missing a lot of functionality","Missing a lot of functionality Can't block devices, can't check usage of each device, can't hide the network... Eero is great but the app could be improved.","https://play.google.com/store/apps/details?id=com.eero.android&reviewId=Z3A6QU9xcFRPR1hfUlM4Slk3WkR4RnV1dDNMcWhzYjZUdmFja3JQcmhJWVR1LVQtUVl0dU5kYlYweDB5b3UxQnRCS2tlOVpRM0RvYk9tQXFfLU5Xd0UwUlRr",""
"Elton Saul",13-Dec-2016,1,"Very buggy","Very buggy Lots of bugs. 1. The speed test numbers have not updated for over a week. 2. Connection quality for some Eeros stuck in ""refreshing data"". 3. Does not accurately show devices on the network. 4. ""Pull to refresh"" hangs the app. I spent a lot of money on the Eero system and am very disappointed with the poor quality of this app.","https://play.google.com/store/apps/details?id=com.eero.android&reviewId=Z3A6QU9xcFRPR3RPUW1fUmQ3dUFqbWt0eFdJazFPWHh6N1JVYXl5alA5cnZLYkdwSmVOVXZ2SFpycGgyQ1VaOU90QngxTnpuT3VabGNlME13aEhoNHNnaF80",""
"Paul Nath",08-Dec-2016,4,"Great start","Great start Still can't see the amount of data each device is using.  I thought it was enabled in v2.0","https://play.google.com/store/apps/details?id=com.eero.android&reviewId=Z3A6QU9xcFRPRkRmMjVpTjg1azB2ZzdiUENHNzF4NGJUbENxWV9ZTkg3Q0xCZGw3dE5ZQ0pJeGN5OG9pbzNPZTlLR0dVak1SdnhCUnFhYmU4emtxNE5pM004",""
"Greg Goss",06-Dec-2016,5,"It straight up fixed my WiFi","It straight up fixed my WiFi I had multiple hotspots with different names, and I still had bad WiFi reception. They wife, kids, and guests complained about it as they moved around our house.  Then I got Eero.  One network name for my family and our devices and another with a separate password (that I can change whenever I want!) so we don't have to give out the main one.  Easy to set up!","https://play.google.com/store/apps/details?id=com.eero.android&reviewId=Z3A6QU9xcFRPRWZEU2FrdHNkRmNxX3NYRDBhNmZEYmhLOEpuenpRYjg5Q3B1MDIyTEtFRk9uZ0FfbDdaSER0Y0tCWFZIamxLbkw1N2xCdGVBY2k1Yl9XMXR3",""
"Shirley Dilday",02-Dec-2016,1,"No info","No info Did not tell me had to buy a 300 dollar eero router to use it.","https://play.google.com/store/apps/details?id=com.eero.android&reviewId=Z3A6QU9xcFRPR1Y0THpIYVFNODE4R3lXTktVTnJLN1NJaWQ0VmRpZ2ZSWGJQZkRtUjh1UF96MUkxQXp1S01Oc0RHRkpXRk1HbVZyWGhGUmdHdXlIQmdvaVNN",""
"Joseph Breuer",30-Nov-2016,2,"","Lack of features and no Sonos support.","https://play.google.com/store/apps/details?id=com.eero.android&reviewId=Z3A6QU9xcFRPR2tzOTI3SDRkWXlNMkN0UjlHQzhZdEVyRHFQZVNqdUUzWjZNT2F6bmpfYlhOZ1E4Z3FoVGxWQ1hMZ3ByVXp5QjZFT3g5RG5scFI5SHUzTFZj",""
"Demetrius Boss",28-Nov-2016,5,"De","De Demetrius","https://play.google.com/store/apps/details?id=com.eero.android&reviewId=Z3A6QU9xcFRPR1FqS1lRdGhNcnctdEt1US1zMXNJc1daRjRSX0dQMGs1cVdzSnFzQTBBMzdDcEpkbkMzQW95TFl0NERRckd5MG9kWm5EQjdQT01BQWhwaFFj",""
"Mike Norris",27-Nov-2016,5,"Awesome!!","Awesome!! A truly great WiFi system that functions as advertised and becomes consistently better as time goes on. The eero team as a whole is great they certainly know what they are doing and show no signs of stopping or slowing down. Anyone that doesn't have at least one needs to join the bandwagon these are the future are incredible plus not to mention stylish.","https://play.google.com/store/apps/details?id=com.eero.android&reviewId=Z3A6QU9xcFRPRlJwVHJfSDdDdVM3T0xsWHJkWERkR1dVV1IzVElDQ3hMMlJkWmdLUWlpTV9pdVN0N0JvYXdKdi1ZdEgyMFY5bEF4LWxTNzhOUVRzbHRsMzNR",""
"kris wilson",25-Nov-2016,5,"","Good coverage","https://play.google.com/store/apps/details?id=com.eero.android&reviewId=Z3A6QU9xcFRPRkdNOUxIYmZmUUFTM2ZNYlFpdElMaDcwOFR5azJZUVpWeHIzY3oya2xJc2NNanNTZndXRzQ2dmRONGxoc0NaMDdlaG1TdDdwZy1yeHRuNlJn",""
"",22-Nov-2016,4,"Love it","Love it I've have had WiFi in my home for many years and recently decided to upgrade... the eero system is by far the easiest system I have ever setup and had to manage.","https://play.google.com/store/apps/details?id=com.eero.android&reviewId=Z3A6QU9xcFRPSDJBSU5NdHBjbXFuUTRQN003bkFFX1ZKVnR5OEhrUlNVOGs5bXdPQ2hMZFpPWnh4NWFZcExaSWhBV1BtZTNieFowNkY4SDBvRFpUeUJVdHBV",""
"Ed Rogers",22-Nov-2016,5,"Love it","Love it Total house coverage.","https://play.google.com/store/apps/details?id=com.eero.android&reviewId=Z3A6QU9xcFRPSHpSbmJSYThLZkw1amJLQ0FicG9LUDZ1b29Hd0gyRlJhRHVjbW8zWHlsbjU0RnZSTkdlVDg4LWNsb01WQm1zQWloMlRwVTJ3R0NRZWV6a0pJ",""
"Frank Di Cosimo",22-Nov-2016,4,"Greatness in its simplicity.","Greatness in its simplicity. Set it and forget it. Eero app works well. Looking forward to the new release with more functionality.","https://play.google.com/store/apps/details?id=com.eero.android&reviewId=Z3A6QU9xcFRPRm05NG5zN2NnbHU0TWFXUjNKZFItc01oOC1IZEx3eUFnZDh6cTdyaWFmVFJ4R1JOclgzZ0ZiRF9BQktOOGc3ejNoU2NVXzdRd1NsMFB2Ty04",""
"Family Music",21-Nov-2016,5,"Works better then dlink","Works better then dlink Replaced my dgl-5500 with this system. Works great with gig fiber from att. App works great.","https://play.google.com/store/apps/details?id=com.eero.android&reviewId=Z3A6QU9xcFRPSGNOSll5MEVZWXhRcUlUUkJMUHlERlJLNU1vVG5kQ3JpWVpZanZXM21nY0pkM0VJLWpraWJIZEZFT2hLYkZucVUyemtzYTh4c2pzeWx5N01R",""
"Mike Vander Werf",03-Nov-2016,5,"Just works","Just works WiFi, made simple. Eero-er free.  Unleash your home broadband.","https://play.google.com/store/apps/details?id=com.eero.android&reviewId=Z3A6QU9xcFRPRUVjWlQ4YldrVVlDLUIyX290QzlxX3ZCMTNNQWlnV3libk9sUF9aaUFiWDlHNGZvRm1KZ1FQNTNvd1hDWWFQUVFNUHNiVzBLUkRmSEszeXZ3",""
"Orelious W",28-Oct-2016,5,"Great App Great Product","Great App Great Product Wireless and security have always required a bit of knowledge and skill to achieve.  Eero takes the difficulty out of getting this done.","https://play.google.com/store/apps/details?id=com.eero.android&reviewId=Z3A6QU9xcFRPR3VhY1pzTVlKU1I0aktiX1Fvb012dE40QmRNTDlmcDdjay1RWkk2ZjRacVNYbzhHZ3g3LWpHVjZMLWRQcmtXUHNnVDFtOFJOamNjM29kaHZZ",""
"Matt Richards",04-Oct-2016,5,"","Setting up the network was a breeze. The app makes giving guests access easy.","https://play.google.com/store/apps/details?id=com.eero.android&reviewId=Z3A6QU9xcFRPSDVGaC1TdGFhMUZjWVV6bHNoNjgwYUNfaTliRVJzLW5sSmxEaXd6MGZLR2p0QXRxMVM3X256ZDdzb2t0YjRBNW1ROHRFZF9mRHVNS0Q3RVhJ",""
"Gerald Casaletto",04-Oct-2016,5,"","What is the best product that I purchased...                                        that said what it was gonna do and work !!!!","https://play.google.com/store/apps/details?id=com.eero.android&reviewId=Z3A6QU9xcFRPRW5yMWpNbXdvS2lGWEZGdjZrTmlxbmRreWI1eTBia1k0MWpTM3IydUR4bVZ1a2dlS3AtOHVoTFU2a1FabFVMQS1EcjBDUUZMenZuU3dENnJr",""
"George Vamos",02-Oct-2016,4,"This is an App Review Not Hardware","This is an App Review Not Hardware The app is very quick and stable, and is less limited in the functions it can control than the launch version. It is coming along quite nicely.","https://play.google.com/store/apps/details?id=com.eero.android&reviewId=Z3A6QU9xcFRPRWNLRmdheTBlbkxHM2lCVUUwaElhRlBSeVVYLVpJSUQyc2lmSjgtQk1STUxtbm9SVkx4Smx2bkRqcC1KdlZWd0h1b1NhbXVWVDlJU2duT0xz",""
"Richard Hastings-James",14-Sep-2016,5,"Wi-Fi Works","Wi-Fi Works Anyone can install this. No more sticky access points or 5/2.4GHz network decisions. Access control is great and partly justifies the high price. In future, I hope to see internet content filtering and an outdoor access point.","https://play.google.com/store/apps/details?id=com.eero.android&reviewId=Z3A6QU9xcFRPSEI5UHdXRUVIbzZfbDRjYkU3NnlLb2VxNC13T2Q2R29ZYVFjWnZaWlViOWVtemUza0RfdFVnSzUtdzdqVFVJRjdTdkkwcUFieEU3QkVldnM4",""
"Deangelo Davis",06-Sep-2016,5,"Loved it!!","Loved it!! Loved it!!","https://play.google.com/store/apps/details?id=com.eero.android&reviewId=Z3A6QU9xcFRPR29UM25xLXZtWU44YkU3NGNmV2t6eElYSUxjWGpMQ2Y5NXc2RTluSDBHamg0eHNobHJvamdwOUEyYnN2dV83RnFlaU9sN0ljbEpwakxJaW9v",""
"Dave Watson",02-Sep-2016,5,"Great system, great software!","Great system, great software! It just works as advertised. Too often systems promise and don't deliver, this wifi system hands down is the best I've ever had (and I've beer through quite a few).  Their app is just as good as their hardware.","https://play.google.com/store/apps/details?id=com.eero.android&reviewId=Z3A6QU9xcFRPRng0MXBydTg3cGFIM3FpMFdIYzFreXNJRVg1R3YwZUhTSnkxNnE4NS15bTB5cWdiNmM3eU5VWWFPbGZZUEYzeE4wUV9Bang0bmNTNVFCbW9J",""
"Vaughn Grisham",27-Aug-2016,5,"Amazing system","Amazing system I love the coverage in my plaster-on-metal-lathe-clad,  2,400 sq. ft. home. I also love the ability to customize the DNS settings; I am using OpenDNS to make my network kid-friendly. It would be great if eero had its own family filter, but the custom DNS thing works well enough for now.","https://play.google.com/store/apps/details?id=com.eero.android&reviewId=Z3A6QU9xcFRPR295TEdmcWRuYjFVQ1l1blBNT3VpZ2tTanp5SU5GNTNnOF96MUpsbjdweVJ3YjVCMjA0TUdPR0kxSDRkQ1NnNDVkaUtfb0tZRDgyMVRuV0Rj",""
"Steve Boggess",25-Aug-2016,5,"Simply put,......it works!!!!!!!","Simply put,......it works!!!!!!! I had problems with wifi coverage. Extenders were not the answer.  Plugged in the eero and problem solved!","https://play.google.com/store/apps/details?id=com.eero.android&reviewId=Z3A6QU9xcFRPSG9kdW1Ba1Awa1Nuak5OcGRGSDFUbjViLXB6SUVWZGY1TmdHQUdkUzhRRk1ic2lqNHlYNk10ZDFZbV9yeHBhS2RnbkVmSUpHdFpOejZjVHQ4",""
"Steven Reiser",23-Aug-2016,5,"Love the mesh","Love the mesh The best purchase I have made. Love the coverage","https://play.google.com/store/apps/details?id=com.eero.android&reviewId=Z3A6QU9xcFRPSF9CTk1fTXNrcFdabEVQdEV2LUx3eUc3aU9NRjNEdTFwSnFFUjR1ZXk2ZGg1Z0t0UTllZmlDXzYtMzZab29uUWJ5aEotbHlIQ3NfQnZISHpN",""
"Robert Durham",23-Aug-2016,5,"This is the real deal","This is the real deal Totally awesome system. I had dead zones in numerous places and wifi was hit or miss. By using 3 units my wifi issues have disappeared. Easiest thing to set up, maybe 10 min of which 9 were placement issues. A must buy.","https://play.google.com/store/apps/details?id=com.eero.android&reviewId=Z3A6QU9xcFRPRXFkcm9EUFNicnIzUjZmdWYtclBPUVcwN3dfNnJGV2cyS1R2VUp5SnRQZUYyYmhIMXlDOS1MNjFaMVRMVDJoZkM2aGM4UGJaZ0Y5dEY0dmNB",""
"Jeff Blanchard",23-Aug-2016,5,"Great product","Great product WiFi works awesome with this product.  My house had dead zones with a wireless N router.  I have 3 eeros placed around my house and never have wifi issues and can move around the house without disconnections. The app works great.  Rarely use it but go in to see what the wifi speed is.  It's nice to also see the dhcp lease info.  I can see what IP a device on my network has in a few seconds.","https://play.google.com/store/apps/details?id=com.eero.android&reviewId=Z3A6QU9xcFRPRlZ0dEs5LVNyN1ZlSTdkSzgzSjByOEVlTndfLXB6WS1KWHlSN2F1c0xkcUFuRFBZUFF2Ui1rV0ZYQWQ1Ul8xVmt2WDdzRkRjdVFtQ2QtNnZR",""
"Martin Paterson",22-Aug-2016,2,"Just a little more","Just a little more App is nice and intuitive for what it does. Full support for advanced features are not available for Android and eero units themselves don't support pppoe yet. If your ok with talking with tech support, they can help in getting you up and running.  When it's up and working it is great. Will give 5 stars once all kinks are worked out.","https://play.google.com/store/apps/details?id=com.eero.android&reviewId=Z3A6QU9xcFRPSGdhSUJVV1FmNEpyY2h6VDVtRWp4a3ZybTl6VXdXMUdtLTc4ODQ5QW90TzdobDF1bGE0RXdMenNldlYxNEh6MDRhNXZBUU9GOGRVVTA1b2RF",""
"Anthony Raynor",03-Aug-2016,4,"Almost Perfect","Almost Perfect Well constructed spp.  Successfully set up and then it told me it wasn't.  A reboot and then was good. Subsequently devices installed perfectly.  Strong wifi now. Overall a bit light on extra features.  For $500 for 3 devices check out its competitors.","https://play.google.com/store/apps/details?id=com.eero.android&reviewId=Z3A6QU9xcFRPSDEtSmlPd19pSlhqYnUwNUg0VnBoMVlIWEZTTWoxdmVYZkU5b3gwUDlfYXlBWjhQNU9nd0drSGwzcWdVUGNzcGRpdGZxREVNUDlKR29Wd2dr",""
"ganesh bangera",27-Jul-2016,5,"Drishti and Tirtha","Drishti and Tirtha None","https://play.google.com/store/apps/details?id=com.eero.android&reviewId=Z3A6QU9xcFRPR0JvSTFabDlwUk1FVmJZazJwSE1WUVpFaFlPaFpoVFQtZVFkQWFPYnEyU2hFOFZUSzE5aDdVLVhpUVRlbHJ4MzBTc3dCUGdLa0hfazUwemxJ",""
"Jeff Bartlett",17-Jul-2016,5,"Works great with my 30 devices","Works great with my 30 devices I needed something business grade with family profiles and this was fit for purpose. Half my devices are hard wired the rest are wireless.","https://play.google.com/store/apps/details?id=com.eero.android&reviewId=Z3A6QU9xcFRPSGxlaEZNVHYwcTZuV0N6Z1l1dlVTalQyVmdteTBCWHhlSlY1Qi0ya3hVdDBTamhhTC1fOFJYZXJWajBCQmFWNkdzbTF2aFQ0OGR5TE5aVzNF",""
"Chris Aikens",16-Jul-2016,5,"Clean and simple","Clean and simple The Eero application is great.  It gives you information at a glance about your network, its performance, and each Eero itself.  Adding groups for devices is intuitive, and configuring any advanced networking changes is straightforward.  It would have been easy to make a bad application given how great the actual system functions, but Eero chose to put just as much effort into both in order to provide users with a great experience all around.","https://play.google.com/store/apps/details?id=com.eero.android&reviewId=Z3A6QU9xcFRPRVdpUEVRcW9KdUhnUmdlUXRlR3R1eGRXZ3A2V2UxdWdUaC1Xano3aDZGMnVSQTBUdkZDYTBDaFBCWl8zTHpJRVBmamk2WE9vTWUxdW5aa3BJ",""
"Bee Dub",16-Jul-2016,5,"Simple","Simple Very easy and intuitive. Setup was quick and easy. Advanced security would be nice. Great product!","https://play.google.com/store/apps/details?id=com.eero.android&reviewId=Z3A6QU9xcFRPSDl0Q1VTVld3T0o5MGtidWdHeEgwWkYycWhOQmtNNFZVWGRSQi1zVUVRRTBzSUZkdS02RWlUTVBoS0VrY0RYU2FOVkpDRmg3YmtwSzlrQkhr",""
"Eli Posner",15-Jul-2016,5,"Best!","Best! Finally found something that works!!","https://play.google.com/store/apps/details?id=com.eero.android&reviewId=Z3A6QU9xcFRPRklfOXJlMG9mX1plZTJrVkZ4ZnBlY1FLMmFnbjdUTkhJa0lZbEhRLXNfZnpxOWQ1WThkSVBTUFpmZDl5czFEMFhtcEVCS0hlMmREUEN0VEdF",""
"Gino Milani",14-Jul-2016,5,"EERO","EERO Love it!","https://play.google.com/store/apps/details?id=com.eero.android&reviewId=Z3A6QU9xcFRPRlNDaUxOOEN5WVRTbExSWVIxRkdITmlJcnZheEl5b0E3b3F5dTBISmF2YlRhYjdLODNFNElhNXhzcExMZmtLVG5UTUEwcGhqUnV5NkoxRHRR",""
"Peter Tse",14-Jul-2016,5,"Best Wi-Fi I ever used","Best Wi-Fi I ever used The security setting may need improvement","https://play.google.com/store/apps/details?id=com.eero.android&reviewId=Z3A6QU9xcFRPRzgyWEs2ZllBWWpLV04zY0lOSHBHeGZNbzhzX09Hamo1X041VUVlZUF1NGh5LVhvZnN1UGRCUTlFYWE0UmFVWWZaQ1VLQ25hd3JkOEJ0WU5N",""
"bindu trivedi",09-Jul-2016,1,"","Not in.india","https://play.google.com/store/apps/details?id=com.eero.android&reviewId=Z3A6QU9xcFRPRXduVVAtNGFkX3lsOEtON09DRkpPMTRMQkRhdmdnQnhrQmotSUdWNnJrajJ0ZkJDaDRfOWtnWDRBVUZaSklZbHp3alZPRFJ5M2NiQzlQQy1N",""
"Keith Childers",08-Jul-2016,5,"","Holy crap","https://play.google.com/store/apps/details?id=com.eero.android&reviewId=Z3A6QU9xcFRPR2VqLWdUdzZYTXJHb2U5U3lZMFMzc01HM2JQc2JxR0JoZHhfYlIweWZkcWRZTW9JUGVXRGw1dTZDTmIxc0pkNDgxakw0bS1md3dJbXBVTDdn",""
"Andrew Badenhorst",26-Jun-2016,1,"","Only US and Canada","https://play.google.com/store/apps/details?id=com.eero.android&reviewId=Z3A6QU9xcFRPSFhBbVRicVJOdzFJb2Z0Z1hyckVpZ3lhMzRFWkJReHRqNmxWZ2ViYWoyQkY0SzFQZ0g3TnJMQ0tlcmJRTVJtbmxlSlFvMzQyb2k4WGk4MzVN",""
"Danny Ortiz",20-Jun-2016,5,"","Works great after new update! Thanks!","https://play.google.com/store/apps/details?id=com.eero.android&reviewId=Z3A6QU9xcFRPR2w3clJOczYzQ1ZHYkJSM0o0UWMyaER6RzRnRWY2dGFtbkJsbWw5aVZYazFqTVpicktyUU11Y0d6d290Wk5vc1ZhNURwZ1hZcVVXMUhjUks4",""
"Thomas Stanton",18-Jun-2016,5,"Big update with Family Profiles and named Connected Devices","Big update with Family Profiles and named Connected Devices Nice to see eero continuing to invest in user experience despite their huge success out of the gate.","https://play.google.com/store/apps/details?id=com.eero.android&reviewId=Z3A6QU9xcFRPRXdtTUYzanNsMzVpT3hZdk94cFczNGxWZGxBSEYyXzZsbEZQazlHcUNDNHE3dVlWcXBXOG9VcVByeVU3WTh6OUtCRFU3eHdVaHp4Z0tZLVhB",""
"David Nettles",17-Jun-2016,3,"","Your web page states ""Android 4.4 and up"", but the application does not support tablets. I wish I tried to install the application before I purchased your product.","https://play.google.com/store/apps/details?id=com.eero.android&reviewId=Z3A6QU9xcFRPSDdiQ1NVQW8yT0JkeGd0bklacVQ5ZzdRNnBUR0VsU0o1QWlOdHRMY3F1SnJDd0dxbGxyQk55b3FRQTV6aVhORDZJVDAybkVzMWpuTThZZVVR",""
"Sean Manahan",16-Jun-2016,3,"Crashing after setup","Crashing after setup Using two different phones, after setting up the eero network app now crashes after login. Uninstalled and reinstalled and still happens. Hoping the app runs on the phone for the client for whom we bought this.","https://play.google.com/store/apps/details?id=com.eero.android&reviewId=Z3A6QU9xcFRPRjRpWGZpUXYwVEZZMmljR1NsZU12TG9Ncm8tbkFPaXRlUHZDajlObGRkdUdVZl81TFJ4djRVcFBmUGh5N3NyZC14c01iRkdaRHA3UjVqQVEw",""
"Michael Neth",16-May-2016,4,"","This is awesome. Routers work great.","https://play.google.com/store/apps/details?id=com.eero.android&reviewId=Z3A6QU9xcFRPSGtjdTBkR19HdVk3eXhXUm9pVTgwN2tDSHJjdlVMZTM1VFhqN1VncURCMFFnbWt5WFQ3TkpOUFBLX3RXRE9obThxbHRQamtGWGNDajVqQ3c0",""
"Arthur Bushkin",14-May-2016,5,"Finally, A System That Works","Finally, A System That Works I had a question about integration with my Verizon FiOS WiFi, and a very helpful customer service person easily talked me through the process. She even managed the bridging remotely. Highly recommended.","https://play.google.com/store/apps/details?id=com.eero.android&reviewId=Z3A6QU9xcFRPR01ORFl4akFKeVcwNTBPV2V1WWRra0ZzMDRtVUhxYXRaWkdnMmlhNW1mQzZtY012MjhBQWduZDUzeEo1bDc5OVlNblA0bmQ4Q2Jic2xoYmxz",""
"Cory M",08-May-2016,5,"Great device","Great device The actually deliver on their promise, a rare trait for start-up. Frequent updates have added some much needed features. And the customer support has been the best I've ever encountered.","https://play.google.com/store/apps/details?id=com.eero.android&reviewId=Z3A6QU9xcFRPR1Uwd0UwMl9GYTg1NS1obm9VcThjU2hQcW5kaks2MWZ4QWdocFJkcFZEbFIzbzB5eTBzQWtfNXFlSDI0MURMekhlUlpGa3hHenZIQklSTlow",""
"Michael Lipinski",05-May-2016,5,"Switch to this system!","Switch to this system! Great product. Great app. Great customer support. Love this! My home network is fast and so much more reliable than with the old equipment my service provider gave me. Works all over the house!","https://play.google.com/store/apps/details?id=com.eero.android&reviewId=Z3A6QU9xcFRPSGcxRW1LbWpDdWYtSkJnVXExYVNmZzVsY2FYclNWbmItd3JWejNCRFRRLXFOeHh0SEU4LUt4NTZyUFRpQlg2TExxU1NublpxMG5lX2VwYUdV",""
"NJ CORREIA",04-May-2016,5,"Excellent product!!!!","Excellent product!!!! Works as advertised. I love it and hope they develop other products. ðŸ˜†","https://play.google.com/store/apps/details?id=com.eero.android&reviewId=Z3A6QU9xcFRPRU82c0N0MHVSZjFKeS1KQzNZcUMwMWVHTkVUbEFlSWs3T21XOF8xSVE1alJqVEpCdXNKamhyRF95SE9FX2JCUEI0RjgySzNyc0ZEa21xdm9N",""
"Donnie Pennington",23-Apr-2016,5,"Trouble free","Trouble free Once I figured out I could plug in a wired switch . . . .","https://play.google.com/store/apps/details?id=com.eero.android&reviewId=Z3A6QU9xcFRPR0RTNEVLNm1KU1F1em9QV0xHWGMzT2hoSl9Ib2wtblZKVno2SVRPc09ybzZ4d19fM1Z6aGZueW1FaXlISWhyQkVqT0V5amtXTmJWdmUyaVRN",""
"Alan Solman",20-Apr-2016,5,"Lives up to the hype","Lives up to the hype Just got it and my son is ecstatic. Finally has good wifi in his room. Even the wifi in my office which contains the base station is faster. Bought the 3 pack  and his ps4 has noticeably less lag. App worked perfectly as advertised.","https://play.google.com/store/apps/details?id=com.eero.android&reviewId=Z3A6QU9xcFRPRVZRR3hzN09EZ2FuM3g5VE5WMjhoZ3loaFRzdEZVWnk3S3FCTnZPRTBVaERIdkwwVmRBSjFaRzZuNTdPS1o1OHZfUldLOHdYZHRZNmNCbE9v",""
"Dan B",10-Apr-2016,5,"","Yup it works","https://play.google.com/store/apps/details?id=com.eero.android&reviewId=Z3A6QU9xcFRPRjkxOG9SWnF1VVVGMXBRNUNyWlh6WGZRZkI5ODJfemkySUlaeWNySkxfeVVzRUtlOXFSWEtwcHNUY1hIRXBZYzU5TjB2S0Y0eHhtNlBDdGRj",""
"RajVorg Motivation",29-Mar-2016,3,"WTF","WTF My mobile number is not working their","https://play.google.com/store/apps/details?id=com.eero.android&reviewId=Z3A6QU9xcFRPRUZFbXF4X2l5eUhBVnVsLThyUkVsR1JJU3JIUGVzVUdzY0RxWFlTQ1RIcmdFN2xzZUhYLWRSS0RuSjlwYmRWZlJZMlJ3WjdRVFRTdXZmX213",""
"Gregory P. Smith",25-Mar-2016,4,"","Very nice! Easy setup. Including using my own LAN IP address range and configuring static IPs and port forwards. More configurable than an OnHub. Great wifi coverage, I'm using a 3 pack. :)  The main sadly missing feature: Local DNS for my LAN. My hosts need local names! But eero delegates to public DNS servers instead of running a local forwarder such as dnsmasq like other routers. :/","https://play.google.com/store/apps/details?id=com.eero.android&reviewId=Z3A6QU9xcFRPRk42VEhHa3lqdEV3TnNBelNOQ051RU56eUlmR3BpclJlWmFYMWd0NlZCNFFtd3p3bU5kTUdCX1pjcnRrSGI5ZWdnNTR6QlVGbm9vd2xPelVr",""
"Jason Neill",24-Mar-2016,5,"Love my eero","Love my eero So easy to setup and I love the emails telling me about updates to the system","https://play.google.com/store/apps/details?id=com.eero.android&reviewId=Z3A6QU9xcFRPR29HWXBweEhzZ0YyWEVoNVRNT1QyaHV5UW9SRjM2VUliWE9vX1ZFLVdYWXJ1UndhZW15SlJTVUNKSlJIb0pQRHFCTTBxN0JoMDkzUUcwcG5R",""
"Scott Scowden",23-Mar-2016,5,"Some issues early but great now","Some issues early but great now After some early hiccups, everything is working great now","https://play.google.com/store/apps/details?id=com.eero.android&reviewId=Z3A6QU9xcFRPR1lRZjVoUWRXSnU1eDI3VFVoMWF1MGRTbVhGMlJSUXhRQmxnbExJVUdlRXJJLUg1cEZjNFBvaWsyU1poTllrX29janliTHhxa0tLb1ZxUzl3",""
"Graham Fisher",22-Mar-2016,5,"","Works great.","https://play.google.com/store/apps/details?id=com.eero.android&reviewId=Z3A6QU9xcFRPRWxwTXhPZHVkeVdyM2tWX0tvR1ZldG9oWXZjUlhkNDZxV0ZmcHFwcHIxSWNlX1V2R2Q0M01ja1B3cElXeXJneHM5TERHRjJPbWdXSmcwN2Fz",""
"Gautam Desai",22-Mar-2016,5,"Finally, everything works in this latest version","Finally, everything works in this latest version I knew it was the app, my device list wouldn't show in prior versions, all works in the app now. They still need to improve eero to poi t to better speedtest servers, numbers are totally inaccurate. Otherwise, eero is great.","https://play.google.com/store/apps/details?id=com.eero.android&reviewId=Z3A6QU9xcFRPRUdXa20weEVoaFg2dmNMa005cU5CZURzaF9Ga0R2N3lQX2ZYYVhoSk8yVTQzYmZybjBxMWIzODgzVXpBZHVrYkVsQXE1aFRLSHRiWG5obndr",""
"Pete K",20-Mar-2016,4,"","It works great. My farthest room from my router always had poor wifi reception but now its much better.  I tried to set up in one room but it would not allow it.  I have 3, but I feel 4 would be ideal, like 4 corners in a house. So ez to setup though if it allows it. Simple, upfront.  Pretty much met my expectations...","https://play.google.com/store/apps/details?id=com.eero.android&reviewId=Z3A6QU9xcFRPRk9WUElscUxCaG5qX3ZoVy00UV9NVjRsX1F1UjJCYThTZVM0dHRBZjh6M1JZWUdQTzFKdklDQ2RKTzRyZllkNEpyLVVOZUUtSEIwdkg5R0RZ",""
"Robert Burns",12-Mar-2016,5,"Working","Working Works well so far. No dead areas in house and covers the outside area really strong as well.","https://play.google.com/store/apps/details?id=com.eero.android&reviewId=Z3A6QU9xcFRPRmZTQkdsYUUwd2RkdU0tVmJGZVo1YUpwSElNUUc2Tk5TbFg0S2dLUjBTMHdNZHdFRXJod093N2VZOXhXYlhjaGltNUR2TUZyMVdPSzlQUkNN",""
"Blake Pusztai",08-Mar-2016,5,"","Update 3/8/2016: The Eero crew has come through, and delivered the app updates for ""Advanced"" settings as well as the list of devices attached to the network. 5 stars like I promised! :-)   // My Original Review: Great start! I wrestled with my Comcast router over bridge mode for several hours, and failed, but got my network setup in a double NAT capacity. This isn't eero's fault, but they'll get 5 stars once the Advanced options come to the app and I can put my eero's into bridge mode. Also, I've noticed that the dashboard only lists the number of devices connected, but I can't tap that zone to see a list of them. :(  @eero: Will that be coming in the next Android update?","https://play.google.com/store/apps/details?id=com.eero.android&reviewId=Z3A6QU9xcFRPSEdwdnFiUUp0QUpZVFBCS2JlYTh3NHNwQXVsZHRLRVVrVm50SUJTUWxSZG1aX2RyWV9henNKVW5iSmVKRFVKUlRiNWxXMFJyTzMtdVIzaHpV",""
"Court Van Beek",08-Mar-2016,5,"","Hardware setup is super easy, what the app does works great and base network runs flawlessly, it's just missing a bunch of basic functions for managing your network routers.  Will bump to 5 stars once the app gets updated.  ** Updated to 5 stars following the app update.  great job to the team at Eero! I couldn't be happier with my Eero setup.","https://play.google.com/store/apps/details?id=com.eero.android&reviewId=Z3A6QU9xcFRPR2RLVmxlbFh1VjNFQmtURnVXY0YwQXJmNzVxZS1QZThnQkVSQUhZVHdvcjFfdXo4SzdDLXJkMVpYaFRhZlJDVy11TWZ4eVFhUkhvQnBaV19B",""
"Michael Selewach",08-Mar-2016,5,"Android version isn't finished yet.","Android version isn't finished yet. Apple version is much more complete than this one.  This version works and the eeros work great in my house.  They just need to finish this 1.0 one. Got the update.  Everything works great.","https://play.google.com/store/apps/details?id=com.eero.android&reviewId=Z3A6QU9xcFRPRmpvUjU4SFM2WDVfQXVvRG05S3B4SWxyVFh3ZWtXM294clVjeTlJNk9RM3pqQXR5TkFEbFpVS2pHdzZjNURyTlJfWmhNRTBjOE5Rb3gwSUxn",""
"Jeff Ellwood",08-Mar-2016,5,"Outstanding!","Outstanding! No more manual resets. I've had my eero system up for ten days. Lost signal only once, and it reconnected itself automatically within a few minutes. Such an improvement over my old WiFi which had to be manually reset several times a day.","https://play.google.com/store/apps/details?id=com.eero.android&reviewId=Z3A6QU9xcFRPR2RFemNmQ0U4Qjh6eHFhNGZnRUdhaEhWZzdvSW1QQ0pzUjA4YW44dHA0YzZMNFBwSXJwRDhRdkVkbXZMQkZzbWRkY21ZQk9VOG8tQU1lTzJZ",""
"Scott Fringer",08-Mar-2016,4,"","Great starting point for initial setup of the eero system. Advanced Settings is now available and allows more control over tuning the system to my network needs. It's also nice to be able to view the specifics of devices connected to my network. It would be nice to be able to assign ""friendly"" names to these devices for easier tracking.","https://play.google.com/store/apps/details?id=com.eero.android&reviewId=Z3A6QU9xcFRPRko5SV9fNGVFRWRzcTR5dnE4V3F6RFNOMnRYbno2NTdlUjM4RGdyVTFfRWhKcmY4cGc2UGhJVlBoZ1Z5UV93ZWxmYmE0dlluVklNUkdKYWpV",""
"Andrew Ramm",07-Mar-2016,4,"Getting there!","Getting there! Finally bridge mode! I can setup my eero's as access points as I had planned on. Looking forward to continued development. Hopefully we'll see some better communication from the company regarding updates (firmware) and plans (road map).","https://play.google.com/store/apps/details?id=com.eero.android&reviewId=Z3A6QU9xcFRPRXlqSUNZYlk0d0pQcVZhOXoweTBKUExLeXJtOFZwelRmTTdFWGtyRjZ4X1B5bWtCS1dHV1N3Zkdtb2czV09kTVcxUXpSdlpMWW9feUpRQi1Z",""
"Jamie Olmsted",07-Mar-2016,5,"Excellent app","Excellent app Now that they have updated the app to allow advanced settings, it is perfect. I can finally put my Eeros in Bridge Mode!","https://play.google.com/store/apps/details?id=com.eero.android&reviewId=Z3A6QU9xcFRPRkxrTGJfXzc2ZzJZOUctdkdub2VONVBfaDY1Z2FGX3lDRTlZTjdDVVJNWTdxbDUxZ3IxMXRndzNlSTBUc2JFd08yWlZ4SkNIenphZkdhWGpR",""
"Jim Butchart",06-Mar-2016,5,"Works great","Works great Setup was a snap. Great house coverage. Sharing a guest password is clever. Nice details. Even the packaging is remarkable.","https://play.google.com/store/apps/details?id=com.eero.android&reviewId=Z3A6QU9xcFRPR2YtTVpsRjZPZGpJWXpoRDdnU2ZHSHdNNDhfeGdBYmpYdlZxeUp5UFZKaXJOa2lGTXZxMWlHY0ZyaXVQN2dlZ0E1MFRDRm9kai12NS1SaGRJ",""
"Jason Karsh",03-Mar-2016,5,"","As an early user (beta tester) of the product, I find my experience with eero itself to be awesome: the system of 3 eeros covered my whole apartment with fast WiFi. There's literally no place in my apartment where you can't get blazing speeds on the Internet. I don't see the buffering wheel anymore when watching Netflix/Hulu.  The app itself is super simple and makes it easy to setup and manage your eero network. It is a bit bare-bones at the moment, and has some features missing, but I didn't personally need them and my experience has been great.","https://play.google.com/store/apps/details?id=com.eero.android&reviewId=Z3A6QU9xcFRPRkhfbzh0ZmlUMVhSQk1qeVhYOG9XSl96ZGsxRlNqb2JUNFZGT1pVWDZUSnN0UTNFOHZDUlVnZ0Jmdl8zYjBrQWZNTkcxU3lyeVZtdHItVjFJ",""
"Russell Taga",27-Feb-2016,5,"Dead zones no more","Dead zones no more Product delivers and app makes getting things up and running easy","https://play.google.com/store/apps/details?id=com.eero.android&reviewId=Z3A6QU9xcFRPRllCa2hsU0p2cEhpVDAyYWpyMzFkenVRdzEzYmxqRnN4cXJPTkc0eTN2Y0J6QUJpaGxhTnZRN2wxOUdnaFZHRHFLUy1tZTZvWUh5OVd1NkRJ",""
"Kenneth Schepps",26-Feb-2016,5,"Awesome as an early adopter!","Awesome as an early adopter! I've been an early adopter for a few home smart devices. This is the first time where I have no issues using the app at launch. There's a few options missing, but everything seems to work. Finally, a product which feels polished at launch. Eero rocks!","https://play.google.com/store/apps/details?id=com.eero.android&reviewId=Z3A6QU9xcFRPRXNQM2FZS3M1OUxkVmRzOGJvRXlQdlJ4aXNmcXZzUm1xVE5hUkhFRUVhN0tPalpndURkVUQ2N1FPNEtKcVpfYWNPUi1XLWpUaUV3a1dLZUZJ",""
"Randal Eggleston",25-Feb-2016,5,"Just works","Just works Received 3 eero's yesterday. Setup and configured. Better wifi throughout the house. Especially like automatic firmware updates.","https://play.google.com/store/apps/details?id=com.eero.android&reviewId=Z3A6QU9xcFRPSHRyM1BPdEVRdlJJS0hsVU5XU0hORWRIZ0tMdFdtVndsbkY5X19TejhnSENhRTh6NGlEZkRnTDRBeU83LS02YnY5ejdqdUFpZi1xSWpIY1Y4",""
"Brett Stark",25-Feb-2016,5,"","Pretty amazing so far.  Setup of a new router / wifi system usually takes some time, and then you have to get ahold of everyone in the household and update their devices.  Not so with this app and the eero devices.  Setup took 10 minutes to have all three eero boxes in place and working with this app.    Notifying everyone in the house of the change is done in the app with text or email notifications.  I didn't even have to speak to anyone other than to tell them ahead of time that a new network would be coming up.  Connectivity is spectacular.    I had several dead spots in my house before eero.  This was mostly due to the wifi router plus extender system that most people use.  Every corner of my house now has excellent wifi signal strength and you never have to switch from one device to another.    As far as speed is concerned, I had 4 FireTV sticks playing HD video, 6 phones browsing, and 3 computers playing Youtube videos last night, and there was no buffering or waiting.  Excellent!","https://play.google.com/store/apps/details?id=com.eero.android&reviewId=Z3A6QU9xcFRPR2RwZzdGWDVkQWlMUjFuLURuUjBaYVR5RWo2Rnc0TW00c0cxVVZKYzNFRkpHZVg3V0lhd1J2TmgyUGNqS1FfWGJTZUg0XzNkbWJvMFo0RHJj",""
"Ryan Johnston",24-Feb-2016,3,"Only for basic networks with few wired devices","Only for basic networks with few wired devices Lacks advanced features since they are targeting basic, WiFi only style of usage. WiFi itself just does not work well with some devices like VPN. Therefore, they need access to advanced settings and need an option for a head router that has 4+ ports. Sorry Google / Eero, we're not all idiots","https://play.google.com/store/apps/details?id=com.eero.android&reviewId=Z3A6QU9xcFRPRjh4bnJtNUVGU25hNG8wb0xyTENjeUtaNkh5MHZsTzQwUzJqSTc5cDJJQ3RhREJESU9Od3VLdGRmaG1ZMnJMazhINDdWc3BjNGFadzVJZDhJ",""
"Bhavin Pardiwala",24-Feb-2016,5,"Great router","Great router Amazing performance with this product.  Wish I could apply limits to devices connected and also disconnect devices on the network","https://play.google.com/store/apps/details?id=com.eero.android&reviewId=Z3A6QU9xcFRPSDNtelg4UnlIdHU4WmNBd2lBNWVHVUxIY014bXVjWHR5OG1SUDZqUXpoOXExV052NHFGQi1ISHJDbU5ZemhRUUUzUnM5eGtBQVlHSTVYbGc0",""
"Ryan Cossette",24-Feb-2016,5,"Super easy setup","Super easy setup Instrumental in setting up the system and worked perfectly. The design is on point and professional.","https://play.google.com/store/apps/details?id=com.eero.android&reviewId=Z3A6QU9xcFRPSHVNcVdCdDB5d2tFRHNuYnh3ZHRRNWZudHVVWWdkRDNfa1JoeFpwdjNCX1VoU3JDYUx6WVZnRkNYUnlFbC1LY1V6NkFmQVVnZkwwa0R2TmM4",""
"bullclan",23-Feb-2016,5,"Couldn't be easier...","Couldn't be easier... Easy to setup,  great performance and range.   Waiting for the advanced features.","https://play.google.com/store/apps/details?id=com.eero.android&reviewId=Z3A6QU9xcFRPRXZvSzFwMlo5M1NRaUxFYk9NYW4xcmR2T21FVmNJSHVlN2RXRENwaXN0aVdrRFltb1JfUkZLQk52ZEZidzhzWTZXMm1JbWpHdExQeXF1dUkw",""
"Cary Vachon",23-Feb-2016,5,"So easy","So easy Just recieved my eero today. Set up all 3 in like 5 minutes, works great so far","https://play.google.com/store/apps/details?id=com.eero.android&reviewId=Z3A6QU9xcFRPSGNNUnBEaE9rajQtMzJOeVJHN3lqSHVvNWx0MUFiX04zVUFVMUNxLXNhTmNkUnhJYmRORm5CS3lrcldkODJLaHhOSVVoc0lRRUZBYVNINmJj",""
"Jordan Jozwiak",23-Feb-2016,5,"","Disclaimer: I help build this app (ohai Lotan from Reddit)! This has been a huge improvement in my home WiFi! Also a really nicely designed app.","https://play.google.com/store/apps/details?id=com.eero.android&reviewId=Z3A6QU9xcFRPRjdkZjRMa3VXbS1UdWVsa1BlUFRCaW9DQ3o2cUFUTmxYVVVmd2Z5b1F0UWZxbXpTa1BuVzg5ZG1fTjJkMVRXUlpfc25wdGFLZlhoY000NWZJ",""
"Justin Schultz",23-Feb-2016,5,"Wi-Fi from the window to the wall!","Wi-Fi from the window to the wall! Super easy setup, and fixed a ""dead"" spot in my apartment. Thanks eero!","https://play.google.com/store/apps/details?id=com.eero.android&reviewId=Z3A6QU9xcFRPSGd6UFVjUG1qUkRGNnFqbXB5WmVQdlBoZ3kyRTlCa2FjVHNXcXAzOVhoRmRDRTREWVItLXNLOEcyaE1FYm1GYndTdWdJMXdWbi1uMkVfcVlv",""
"KC Embrey",23-Feb-2016,5,"Super simple","Super simple Simple setup that works.  Can't wait for new advanced features.","https://play.google.com/store/apps/details?id=com.eero.android&reviewId=Z3A6QU9xcFRPR3pTdHNrTWRudkViSDh0YzFvLXpGcTBTZ2RjODh0V0ptVTBCZmV6dzUxT00tTzNna2ZoVmx2b2RPVGlDOUpoTG92SGYycm9XUEo0cFBLWVl3",""
"cemil a",23-Feb-2016,5,"Easiest setup ever!","Easiest setup ever! The days of browsing to 192.168.1.1 and using a webapp from the 90s to configure your network are over.  Now anyone can setup their own network.","https://play.google.com/store/apps/details?id=com.eero.android&reviewId=Z3A6QU9xcFRPSDVjOFkwRzNuY09Odk9FY2MzZVAwS0hSTUcwZGZNVHVIY1hFWk1nZjlvTGFydHJfVDhPOWEyUXlVMjJ0cE81V1JVWVIxSm1kZFktOF9NUmFV",""
"Bernd VanSkiver",23-Feb-2016,5,"","Amazing!","https://play.google.com/store/apps/details?id=com.eero.android&reviewId=Z3A6QU9xcFRPSFRYeS1UbUw0LUhGRVVnNFRSbzItQmpXeFNQWTNQZGhjMVRfbGZrRVFFY1dXX0xlX0tJQlU0ZEV1YVVUOWRLWEM1anFWUG9Mamppc1JvR3ZJ",""
